-- INSERÇÕES DE PESSOA
INSERT INTO PESSOA(EMAIL, NOME, CPF, DATA_NASCIMENTO, TELEFONE, LOGRADOURO, BAIRRO, CIDADE, CEP, UF, COMPLEMENTO)
    VALUES ('ale@gmail.com', 'Alexandre Souza', '25289495029', TO_DATE('21/09/2003', 'DD/MM/YYYY'), '11936532119', 'Sete',
            'Centro', 'São Carlos', '1356000', 'SP', NULL);
            
INSERT INTO FUNCAO(PESSOA, FUNCAO)
    VALUES ((SELECT P.ID FROM PESSOA P WHERE P.CPF='25289495029'), 'PROFESSOR');
    
INSERT INTO PROFESSOR(ID)
    VALUES ((SELECT P.ID FROM PESSOA P WHERE P.CPF='25289495029'));

INSERT INTO FUNCAO(PESSOA, FUNCAO)
    VALUES ((SELECT P.ID FROM PESSOA P WHERE P.CPF='25289495029'), 'MINISTRANTE');
    
INSERT INTO MINISTRANTE(ID)
    VALUES ((SELECT P.ID FROM PESSOA P WHERE P.CPF='25289495029'));

INSERT INTO PESSOA(EMAIL, NOME, CPF, DATA_NASCIMENTO, TELEFONE, LOGRADOURO, BAIRRO, CIDADE, CEP, UF, COMPLEMENTO)
    VALUES ('fiddo@gmail.com', 'Pedro Fidelis', '02272659047', TO_DATE('07/12/1995', 'DD/MM/YYYY'), '34991997409', 'Azaleias',
            'Jardim', 'Sao Carlos', '1356600', 'SP', NULL);

INSERT INTO FUNCAO(PESSOA, FUNCAO)
    VALUES ((SELECT P.ID FROM PESSOA P WHERE P.CPF='02272659047'), 'ALUNO');
    
INSERT INTO ALUNO(ID, ESCOLARIDADE, EXPERIENCIA_PROFISSIONAL)
    VALUES ((SELECT P.ID FROM PESSOA P WHERE P.CPF='02272659047'), 'E. M. COMPLETO', 'NUNCA TRABALHOU');

INSERT INTO PESSOA(EMAIL, NOME, CPF, DATA_NASCIMENTO, TELEFONE, LOGRADOURO, BAIRRO, CIDADE, CEP, UF, COMPLEMENTO)
    VALUES ('paloma@gmail.com', 'Paloma Botto', '17578198009', TO_DATE('22/08/2003', 'DD/MM/YYYY'), '92993104327', 'Nove',
            'Jardim Lut', 'São Carlos', '13560001', 'SP', NULL);
            
INSERT INTO FUNCAO(PESSOA, FUNCAO)
    VALUES ((SELECT P.ID FROM PESSOA P WHERE P.CPF='17578198009'), 'MINISTRANTE');
    
INSERT INTO MINISTRANTE(ID)
    VALUES ((SELECT P.ID FROM PESSOA P WHERE P.CPF='17578198009'));

INSERT INTO FUNCAO(PESSOA, FUNCAO)
    VALUES ((SELECT P.ID FROM PESSOA P WHERE P.CPF='17578198009'), 'ALUNO');
    
INSERT INTO ALUNO(ID, ESCOLARIDADE, EXPERIENCIA_PROFISSIONAL)
    VALUES ((SELECT P.ID FROM PESSOA P WHERE P.CPF='17578198009'), 'E. S. INCOMPLETO', 'TRABALHOU EM LOJAS DE DEPARTAMENTO E MERCADO');
    
INSERT INTO FORMACAO(PROFESSOR, FORMACAO)
    VALUES ((SELECT PROF.ID FROM PESSOA P JOIN PROFESSOR PROF ON PROF.ID = P.ID WHERE P.CPF = '25289495029'), 'LETRAS');

INSERT INTO FORMACAO(PROFESSOR, FORMACAO)
    VALUES ((SELECT PROF.ID FROM PESSOA P JOIN PROFESSOR PROF ON PROF.ID = P.ID WHERE P.CPF = '25289495029'), 'CIÊNCIAS SOCIAIS');
            
INSERT INTO PESSOA(EMAIL, NOME, CPF, DATA_NASCIMENTO, TELEFONE, LOGRADOURO, BAIRRO, CIDADE, CEP, UF, COMPLEMENTO)
    VALUES ('gus@gmail.com', 'Gustavo Silva de Oliveira', '84870319004', TO_DATE('18/06/2002', 'DD/MM/YYYY'), '19999276539', 'Rua Salomão',
            'Jardim Lut', 'São Carlos', '13560001', 'SP', NULL);
            
INSERT INTO FUNCAO(PESSOA, FUNCAO)
    VALUES ((SELECT P.ID FROM PESSOA P WHERE P.CPF='84870319004'), 'ADMINISTRADOR');
    
INSERT INTO ADMINISTRADOR(ID)
    VALUES ((SELECT P.ID FROM PESSOA P WHERE P.CPF='84870319004'));         

INSERT INTO PESSOA(EMAIL, NOME, CPF, DATA_NASCIMENTO, TELEFONE, LOGRADOURO, BAIRRO, CIDADE, CEP, UF, COMPLEMENTO)
    VALUES ('luck@hotmail.com', 'Lucas Ivars Ciziks','64323412053',TO_DATE('12/11/2002', 'DD/MM/YYYY'),'11985883906','Rua Getúlio',
            'Jardim Mac', 'São Carlos', '14560002', 'SP', NULL);
            
INSERT INTO FUNCAO(PESSOA, FUNCAO)
    VALUES ((SELECT P.ID FROM PESSOA P WHERE P.CPF='64323412053'), 'ALUNO');
    
INSERT INTO ALUNO(ID, ESCOLARIDADE, EXPERIENCIA_PROFISSIONAL)
    VALUES ((SELECT P.ID FROM PESSOA P WHERE P.CPF='64323412053'), 'E. F. COMPLETO', 'TRABALHOU COMO AUXILIAR DE PEDREIRO');   
            
-- INSERÇÕES DE EMPRESA
INSERT INTO EMPRESA(CNPJ, NOME, AREA_ATUACAO, LOGRADOURO, BAIRRO, CIDADE, CEP, UF, COMPLEMENTO)
    VALUES ('29213298000108', 'LOFT BRASIL', 'MERCADO IMOBILIÁRIO', 'Rua Tabapoã', 'Itaim Bibi', 'São Paulo', '04533012', 'SP', NULL);
    
INSERT INTO EMPRESA(CNPJ, NOME, AREA_ATUACAO, LOGRADOURO, BAIRRO, CIDADE, CEP, UF, COMPLEMENTO)
    VALUES ('62173620000180', 'SERASA EXPERIAN', 'TECNOLOGIA', 'Av. Juscelino Kubitscheck, 100', 'Jardim Nova São Carlos', 'São Carlos', '13571410', 'SP', NULL);

-- INSERÇÕES DE GRUPO
INSERT INTO GRUPO(NOME)
    VALUES('IDOSOS');
    
INSERT INTO DIFICULDADES(GRUPO, DIFICULDADE)
    VALUES('IDOSOS', 'APTIDÃO COM TEC');

INSERT INTO GRUPO(NOME)
    VALUES('REFUGIADOS');
    
INSERT INTO DIFICULDADES(GRUPO, DIFICULDADE)
    VALUES('REFUGIADOS', 'BARREIRA DO IDIOMA');
    
INSERT INTO DIFICULDADES(GRUPO, DIFICULDADE)
    VALUES('REFUGIADOS', 'DIFERENÇA CULTURAL');
    
INSERT INTO GRUPO(NOME)
    VALUES('LGBTQIAP');
    
INSERT INTO DIFICULDADES(GRUPO, DIFICULDADE)
    VALUES('LGBTQIAP', 'PRECONCEITO');

INSERT INTO GRUPO(NOME)
    VALUES('MULHERES');
    
INSERT INTO DIFICULDADES(GRUPO, DIFICULDADE)
    VALUES('MULHERES', 'DESIGUALDADE SALARIAL');

INSERT INTO DIFICULDADES(GRUPO, DIFICULDADE)
    VALUES('MULHERES', 'MINORIA');

INSERT INTO ALUNO_GRUPO(ALUNO, GRUPO)
    VALUES((SELECT A.ID FROM ALUNO A JOIN PESSOA P ON A.ID = P.ID WHERE P.CPF='17578198009'), 'MULHERES');

INSERT INTO ALUNO_GRUPO(ALUNO, GRUPO)
    VALUES((SELECT A.ID FROM ALUNO A JOIN PESSOA P ON A.ID = P.ID WHERE P.CPF='17578198009'), 'REFUGIADOS');

INSERT INTO ALUNO_GRUPO(ALUNO, GRUPO)
    VALUES((SELECT A.ID FROM ALUNO A JOIN PESSOA P ON A.ID = P.ID WHERE P.CPF='64323412053'), 'REFUGIADOS');
    
INSERT INTO ALUNO_GRUPO(ALUNO, GRUPO)
    VALUES((SELECT A.ID FROM ALUNO A JOIN PESSOA P ON A.ID = P.ID WHERE P.CPF='02272659047'), 'LGBTQIAP');
    
INSERT INTO ALUNO_GRUPO(ALUNO, GRUPO)
    VALUES((SELECT A.ID FROM ALUNO A JOIN PESSOA P ON A.ID = P.ID WHERE P.CPF='17578198009'), 'LGBTQIAP');

-- INSERÇÕES DE CURSO
INSERT INTO CURSO(NOME, DATA_INICIO, TIPO, DATA_CONCLUSAO, ACESSIBILIDADE, GRUPO, PROFESSOR)
    VALUES('PT PARA INICIANTES', TO_DATE('13/03/2023', 'DD/MM/YYYY'), 'IDIOMAS', TO_DATE('13/06/2023', 'DD/MM/YYYY'), NULL, 'REFUGIADOS', 
            (SELECT PROF.ID FROM PESSOA P JOIN PROFESSOR PROF ON PROF.ID = P.ID WHERE P.CPF = '25289495029'));

INSERT INTO CURSO(NOME, DATA_INICIO, TIPO, DATA_CONCLUSAO, ACESSIBILIDADE, GRUPO, PROFESSOR)
    VALUES('INCLUSAO/DIVERSIDADE', TO_DATE('13/03/2023', 'DD/MM/YYYY'), 'DIVERSIDADE', TO_DATE('13/06/2023', 'DD/MM/YYYY'), NULL, 'REFUGIADOS', 
            (SELECT PROF.ID FROM PESSOA P JOIN PROFESSOR PROF ON PROF.ID = P.ID WHERE P.CPF = '25289495029'));

INSERT INTO AULA(CURSO, TOPICO_AULA, MODALIDADE, DESCRICAO, DURACAO, IDIOMA, LINK, MATERIAIS, LEGENDA, DATA_HORA)
    VALUES((SELECT C.ID FROM CURSO C WHERE C.NOME LIKE 'PT%' AND C.DATA_INICIO = TO_DATE('13/03/2023', 'DD/MM/YYYY')),
            'VERBOS', 'AO VIVO', 'A aula sobre verbos tem como objetivo fornecer aos alunos um entendimento abrangente sobre a estrutura, conjugação e uso dos verbos na língua portuguesa.',
            '1h30min', 'EN-US', NULL, NULL, '1', TO_DATE('13/03/2023 09:00:00', 'DD/MM/YYYY HH:MI:SS'));

INSERT INTO AULA(CURSO, TOPICO_AULA, MODALIDADE, DESCRICAO, DURACAO, IDIOMA, LINK, MATERIAIS, LEGENDA, DATA_HORA)
    VALUES((SELECT C.ID FROM CURSO C WHERE C.NOME LIKE 'PT%' AND C.DATA_INICIO = TO_DATE('13/03/2023', 'DD/MM/YYYY')),
            'INCLUSAO/DIVERSIDADE', 'AO VIVO', 'A aula sobre inclusão e diversidade tem como objetivo conscientizar os alunos sobre a importância de promover a igualdade e o respeito em todas as esferas da sociedade.',
            '1h30min', 'PT-BR', NULL, NULL, '1', TO_DATE('13/03/2023 12:00:00', 'DD/MM/YYYY HH:MI:SS'));

INSERT INTO ALUNO_CURSO(ALUNO, CURSO, STATUS)
    VALUES((SELECT A.ID FROM ALUNO A JOIN PESSOA P ON A.ID = P.ID WHERE P.CPF='17578198009'), 
           (SELECT C.ID FROM CURSO C WHERE C.NOME LIKE 'PT%' AND C.DATA_INICIO = TO_DATE('13/03/2023', 'DD/MM/YYYY')),
            'EM PROGRESSO');

INSERT INTO ALUNO_CURSO(ALUNO, CURSO, STATUS)
    VALUES((SELECT A.ID FROM ALUNO A JOIN PESSOA P ON A.ID = P.ID WHERE P.CPF='64323412053'), 
           (SELECT C.ID FROM CURSO C WHERE C.NOME LIKE 'PT%' AND C.DATA_INICIO = TO_DATE('13/03/2023', 'DD/MM/YYYY')),
            'EM PROGRESSO');


INSERT INTO ALUNO_CURSO(ALUNO, CURSO, STATUS)
    VALUES((SELECT A.ID FROM ALUNO A JOIN PESSOA P ON A.ID = P.ID WHERE P.CPF='64323412053'), 
           (SELECT C.ID FROM CURSO C WHERE C.NOME LIKE 'INCLUSAO%' AND C.DATA_INICIO = TO_DATE('13/03/2023', 'DD/MM/YYYY')),
            'EM PROGRESSO');
            
INSERT INTO ALUNO_CURSO(ALUNO, CURSO, STATUS)
    VALUES((SELECT A.ID FROM ALUNO A JOIN PESSOA P ON A.ID = P.ID WHERE P.CPF='02272659047'), 
           (SELECT C.ID FROM CURSO C WHERE C.NOME LIKE 'PT%' AND C.DATA_INICIO = TO_DATE('13/03/2023', 'DD/MM/YYYY')),
            'EM PROGRESSO');


INSERT INTO ALUNO_CURSO(ALUNO, CURSO, STATUS)
    VALUES((SELECT A.ID FROM ALUNO A JOIN PESSOA P ON A.ID = P.ID WHERE P.CPF='02272659047'), 
           (SELECT C.ID FROM CURSO C WHERE C.NOME LIKE 'INCLUSAO%' AND C.DATA_INICIO = TO_DATE('13/03/2023', 'DD/MM/YYYY')),
            'EM PROGRESSO');
            

-- INSERÇÕES DE EVENTO
INSERT INTO EVENTO(EMPRESA, NOME, TIPO, DATA_HORA, DURACAO, MODALIDADE, LOGRADOURO, BAIRRO, CIDADE, CEP, UF, COMPLEMENTO, GRUPO)
    VALUES('29213298000108', 'EMPREENDEDORISMO', 'PALESTRA', TO_DATE('18/06/2022', 'DD/MM/YYYY'), 2, 
            'ONLINE', 'Av. Trabalhador São Carlense, 400', 'Parque Arnold Schimidt', 'São Carlos', '13566590', 'SP','Aud. Fernão Dias', NULL);

INSERT INTO EVENTO(EMPRESA, NOME, TIPO, DATA_HORA, DURACAO, MODALIDADE, LOGRADOURO, BAIRRO, CIDADE, CEP, UF, COMPLEMENTO, GRUPO)
    VALUES('62173620000180', 'TECH PARA GAROTAS', 'MINICURSO', TO_DATE('18/06/2022', 'DD/MM/YYYY'), 2, 
            'ONLINE', 'Av. Trabalhador São Carlense, 400', 'Parque Arnold Schimidt', 'São Carlos', '13566590', 'SP','Aud. Fernão Dias', 'MULHERES');

INSERT INTO ALUNO_EVENTO(NOME, EMPRESA, ALUNO)
    VALUES('TECH PARA GAROTAS', '62173620000180', (SELECT A.ID FROM ALUNO A JOIN PESSOA P ON A.ID = P.ID WHERE P.CPF='17578198009'));

INSERT INTO MINISTRANTE_EVENTO(MINISTRANTE, EMPRESA, NOME)
    VALUES((SELECT M.ID FROM MINISTRANTE M JOIN PESSOA P ON M.ID = P.ID WHERE P.CPF='25289495029'), '62173620000180', 'TECH PARA GAROTAS');

INSERT INTO ALUNO_EVENTO(NOME, EMPRESA, ALUNO)
    VALUES('EMPREENDEDORISMO', '29213298000108', (SELECT A.ID FROM ALUNO A JOIN PESSOA P ON A.ID = P.ID WHERE P.CPF='64323412053'));
    
INSERT INTO ALUNO_EVENTO(NOME, EMPRESA, ALUNO)
    VALUES('EMPREENDEDORISMO', '29213298000108', (SELECT A.ID FROM ALUNO A JOIN PESSOA P ON A.ID = P.ID WHERE P.CPF='02272659047'));

INSERT INTO MINISTRANTE_EVENTO(MINISTRANTE, EMPRESA, NOME)
    VALUES((SELECT M.ID FROM MINISTRANTE M JOIN PESSOA P ON M.ID = P.ID WHERE P.CPF='17578198009'), '29213298000108', 'EMPREENDEDORISMO');

-- INSERÇÕES DE VAGA
INSERT INTO VAGA(EMPRESA, FUNCAO, SALARIO, DESCRICAO)
    VALUES('62173620000180', 'PESSOA ESTAGIÁRIA', 2150, 'Buscamos estagiário entusiasmado para colaborar no desenvolvimento de soluções inovadoras, 
                                                         auxiliando em projetos de programação e suporte técnico.');

INSERT INTO VAGA(EMPRESA, FUNCAO, SALARIO, DESCRICAO)
    VALUES('29213298000108', 'PESSOA ENGENHEIRA DE DADOS JUNIOR', 5000, 'Nessa função, você será responsável por auxiliar no desenvolvimento e manutenção de 
                                                                  soluções de dados.');

INSERT INTO GRUPO_VAGA(GRUPO, VAGA)
    VALUES('LGBTQIAP', (SELECT V.ID FROM VAGA V JOIN EMPRESA E ON V.EMPRESA = E.CNPJ WHERE V.FUNCAO LIKE '%ESTAG%'));

INSERT INTO GRUPO_VAGA(GRUPO, VAGA)
    VALUES('MULHERES', (SELECT V.ID FROM VAGA V JOIN EMPRESA E ON V.EMPRESA = E.CNPJ WHERE V.FUNCAO LIKE '%ENGENHEIRA%'));

INSERT INTO ALUNO_VAGA(ALUNO, VAGA)
    VALUES((SELECT A.ID FROM ALUNO A JOIN PESSOA P ON A.ID = P.ID WHERE P.CPF='17578198009'), (SELECT V.ID FROM VAGA V JOIN EMPRESA E ON V.EMPRESA = E.CNPJ WHERE V.FUNCAO LIKE '%ESTAG%'));

INSERT INTO ALUNO_VAGA(ALUNO, VAGA)
    VALUES((SELECT A.ID FROM ALUNO A JOIN PESSOA P ON A.ID = P.ID WHERE P.CPF='64323412053'), (SELECT V.ID FROM VAGA V JOIN EMPRESA E ON V.EMPRESA = E.CNPJ WHERE V.FUNCAO LIKE '%ENGENHEIRA%'));

-- INSERÇÕES DE PUBLICAÇÃO
INSERT INTO PUBLICACAO(PESSOA, DATA_HORA, CONTEUDO)
    VALUES((SELECT P.ID FROM PESSOA P WHERE P.CPF='25289495029'), TO_DATE('18/06/2022 12:00:00', 'DD/MM/YYYY HH:MI:SS'), 'Feliz Aniversário! @Gustavo');

INSERT INTO PUBLICACAO(PESSOA, DATA_HORA, CONTEUDO)
    VALUES((SELECT P.ID FROM PESSOA P WHERE P.CPF='25289495029'), TO_DATE('12/11/2022 12:00:00', 'DD/MM/YYYY HH:MI:SS'), 'Feliz Aniversário! @Lucas');

INSERT INTO PUBLICACAO(PESSOA, DATA_HORA, CONTEUDO)
    VALUES((SELECT P.ID FROM PESSOA P WHERE P.CPF='17578198009'), TO_DATE('13/03/2023 12:00:00', 'DD/MM/YYYY HH:MI:SS'), 'Ótima aula sobre verbos do prof @Alexandre :)');

INSERT INTO PESSOA_CURTE_PUBLICACAO(PUBLICACAO, PESSOA)
    VALUES((SELECT PUB.ID FROM PUBLICACAO PUB JOIN PESSOA P ON P.ID = PUB.PESSOA WHERE DATA_HORA = TO_DATE('18/06/2022 12:00:00', 'DD/MM/YYYY HH:MI:SS')), (SELECT P.ID FROM PESSOA P WHERE P.CPF = '64323412053'));

INSERT INTO PESSOA_CURTE_PUBLICACAO(PUBLICACAO, PESSOA)
    VALUES((SELECT PUB.ID FROM PUBLICACAO PUB JOIN PESSOA P ON P.ID = PUB.PESSOA WHERE DATA_HORA = TO_DATE('18/06/2022 12:00:00', 'DD/MM/YYYY HH:MI:SS')), (SELECT P.ID FROM PESSOA P WHERE P.CPF = '84870319004'));

INSERT INTO PESSOA_CURTE_PUBLICACAO(PUBLICACAO, PESSOA)
    VALUES((SELECT PUB.ID FROM PUBLICACAO PUB JOIN PESSOA P ON P.ID = PUB.PESSOA WHERE DATA_HORA = TO_DATE('13/03/2023 12:00:00', 'DD/MM/YYYY HH:MI:SS')), (SELECT P.ID FROM PESSOA P WHERE P.CPF = '25289495029'));

INSERT INTO PESSOA_CURTE_PUBLICACAO(PUBLICACAO, PESSOA)
    VALUES((SELECT PUB.ID FROM PUBLICACAO PUB JOIN PESSOA P ON P.ID = PUB.PESSOA WHERE DATA_HORA = TO_DATE('18/06/2022 12:00:00', 'DD/MM/YYYY HH:MI:SS')), (SELECT P.ID FROM PESSOA P WHERE P.CPF = '02272659047'));

INSERT INTO PESSOA_CURTE_PUBLICACAO(PUBLICACAO, PESSOA)
    VALUES((SELECT PUB.ID FROM PUBLICACAO PUB JOIN PESSOA P ON P.ID = PUB.PESSOA WHERE DATA_HORA = TO_DATE('12/11/2022 12:00:00', 'DD/MM/YYYY HH:MI:SS')), (SELECT P.ID FROM PESSOA P WHERE P.CPF = '84870319004'));

INSERT INTO COMENTARIO(PUBLICACAO, DATA_HORA_COMENTARIO, PESSOA, CONTEUDO)
    VALUES((SELECT PUB.ID FROM PUBLICACAO PUB JOIN PESSOA P ON P.ID = PUB.PESSOA WHERE DATA_HORA = TO_DATE('18/06/2022 12:00:00', 'DD/MM/YYYY HH:MI:SS')), TO_DATE('19/06/2022 07:00:00', 'DD/MM/YYYY HH:MI:SS'), (SELECT P.ID FROM PESSOA P WHERE P.CPF = '84870319004'), 'Obrigado!');

INSERT INTO COMENTARIO(PUBLICACAO, DATA_HORA_COMENTARIO, PESSOA, CONTEUDO)
    VALUES((SELECT PUB.ID FROM PUBLICACAO PUB JOIN PESSOA P ON P.ID = PUB.PESSOA WHERE DATA_HORA = TO_DATE('13/03/2023 12:00:00', 'DD/MM/YYYY HH:MI:SS')), TO_DATE('14/03/2022 07:00:00', 'DD/MM/YYYY HH:MI:SS'), (SELECT P.ID FROM PESSOA P WHERE P.CPF = '64323412053'), 'Obrigado!');

-- INSERÇÕES DE CONVERSA
INSERT INTO CONVERSA(PESSOA1, PESSOA2)
    VALUES((SELECT P.ID FROM PESSOA P WHERE P.CPF='17578198009'), (SELECT P.ID FROM PESSOA P WHERE P.CPF='25289495029'));

INSERT INTO CONVERSA(PESSOA1, PESSOA2)
    VALUES((SELECT P.ID FROM PESSOA P WHERE P.CPF='64323412053'), (SELECT P.ID FROM PESSOA P WHERE P.CPF='84870319004'));

INSERT INTO MENSAGEM(PESSOA1, PESSOA2, DATA_HORA_ENVIO, TIPO, DATA_HORA_VISUALIZACAO, CONTEUDO)
    VALUES((SELECT C.PESSOA1 FROM CONVERSA C JOIN PESSOA P ON C.PESSOA1 = P.ID WHERE P.CPF='17578198009'), 
           (SELECT C.PESSOA2 FROM CONVERSA C JOIN PESSOA P ON C.PESSOA2 = P.ID WHERE P.CPF='25289495029'),
           TO_DATE('15/03/2023 08:00:00', 'DD/MM/YYYY HH:MI:SS'), 'TEXTO', 
           TO_DATE('15/03/2023 09:00:00', 'DD/MM/YYYY HH:MI:SS'), 'Thanks for the help! Obrigada!');

INSERT INTO MENSAGEM(PESSOA1, PESSOA2, DATA_HORA_ENVIO, TIPO, DATA_HORA_VISUALIZACAO, CONTEUDO)
    VALUES((SELECT C.PESSOA1 FROM CONVERSA C JOIN PESSOA P ON C.PESSOA1 = P.ID WHERE P.CPF='64323412053'), 
           (SELECT C.PESSOA2 FROM CONVERSA C JOIN PESSOA P ON C.PESSOA2 = P.ID WHERE P.CPF='84870319004'),
           TO_DATE('15/03/2023 08:00:00', 'DD/MM/YYYY HH:MI:SS'), 'TEXTO', 
           TO_DATE('15/03/2023 09:00:00', 'DD/MM/YYYY HH:MI:SS'), 'O que você achou da aula sobre inclusão ontem?');